Name,RMSWidth,,,
pgft798,102.366997145506,,,
pgft600,93.2763196081091,,,
pgft1261,107.844301142078,,,
pgft2919,58.4760570210031,,,
pgft2518,117.242215635315,,,
pgft2890,126.137699074542,,,
pgft1898,108.586966233542,,,
pgft2186,135.442537197333,,,
pgft959,117.797510043484,,,
pgft2727,69.9419431943466,,,
pgft1254,112.126692158379,,,
pgft1386,125.15263295979,,,
pgft1999,62.999771065416,,,
pgft1897,89.7760329371249,,,
pgft207,69.6530214921205,,,
pgft182,69.1329439845184,,,
pgft1213,119.419413564101,,,
pgft1916,119.369782369518,,,
pgft1889,60.1428152619602,,,
pgft1547,106.03041109932,,,
pgft1289,151.739807440473,,,
pgft1440,103.050932263758,,,
pgft288,103.597851601156,,,
pgft1920,63.4245083266571,,,
pgft2283,74.6727523359096,,,
pgft1234,62.1349593843899,,,
pgft2596,95.2960521023943,,,
pgft204,93.4161054625362,,,
pgft2220,68.4073622142102,,,
pgft1379,120.781958837886,,,
pgft756,122.599982030043,,,
pgft1208,126.57704516586,,,
pgft1539,97.2963254496577,,,
pgft77,102.263062687661,,,
pgft2900,69.2732121522305,,,
pgft402,84.0918561580409,,,
pgft1058,133.654091677,,,
pgft861,49.8396024845149,,,
pgft1607,73.0553117972546,,,
pgft945,103.849263954226,,,
pgft2553,128.553414149866,,,
pgft1993,94.244215745419,,,
pgft1210,107.342654889749,,,
pgft1498,108.348391820366,,,
pgft2555,52.9705459374499,,,
pgft1020,149.707647987993,,,
pgft2004,50.1230878098309,,,
pgft1172,115.796477684499,,,
pgft185,63.1761660059495,,,
pgft1258,134.04304148144,,,
pgft144,98.9541883336872,,,
pgft1758,85.5244482095499,,,
pgft2387,136.280881131914,,,
pgft373,63.0633547742281,,,
pgft773,94.3315471734248,,,
pgft635,101.594419914019,,,
pgft72,135.044405380589,,,
pgft708,64.0309761278963,,,
pgft2311,101.596705695949,,,
pgft164,118.444366249898,,,
pgft1085,116.346797756264,,,
pgft1325,155.096931711918,,,
pgft801,57.102508642697,,,
pgft1679,91.8363023592619,,,
pgft1141,52.5871461774886,,,
pgft1202,132.567587723155,,,
pgft259,136.72066121711,,,
pgft2870,139.656109016187,,,
pgft2486,79.6287471193296,,,
pgft1236,44.4609197081324,,,
pgft2326,103.438867651106,,,
pgft858,103.019381057112,,,
pgft1615,95.733426434163,,,
pgft2057,92.9931521731005,,,
pgft505,113.205348598718,,,
pgft584,127.315627844791,,,
pgft1122,87.1909910393548,,,
pgft1171,151.9557625803,,,
pgft1869,106.267508614774,,,
pgft549,38.6006352133433,,,
pgft2693,74.2568398422064,,,
pgft124,120.201460207381,,,
pgft170,96.7832405857066,,,
pgft709,89.3447285702468,,,
pgft1596,120.50353916046,,,
pgft217,100.863981640646,,,
pgft771,114.019525282688,,,
pgft1370,56.1933877449079,,,
pgft500,105.928081928295,,,
pgft448,80.7960114282199,,,
pgft2520,101.150143304358,,,
pgft2770,93.5536699082059,,,
pgft2240,116.747357046792,,,
pgft655,100.529317615052,,,
pgft2954,72.2790337369017,,,
pgft975,57.845538303174,,,
pgft540,62.37171179363,,,
pgft1618,93.8225621267189,,,
pgft2177,74.7908838545892,,,
pgft1038,98.9742167463695,,,
pgft2592,93.2030029122376,,,
pgft2054,80.4688571496164,,,
pgft477,116.516343708278,,,
pgft325,99.9390420515087,,,
pgft536,102.663670980244,,,
pgft1937,92.0365377048986,,,
pgft1194,112.299296929907,,,
pgft1643,62.1509117752824,,,
pgft1844,39.8920409331115,,,
pgft2953,92.5016987280844,,,
pgft222,84.0375596286568,,,
pgft141,126.639082696302,,,
pgft1274,70.4385894977898,,,
pgft2124,78.9695890278682,,,
pgft2671,77.2136053072385,,,
pgft98,78.9048633957122,,,
pgft2305,121.882837644276,,,
pgft2996,80.2338987050937,,,
pgft1762,138.999077154314,,,
pgft1859,48.9566847154847,,,
pgft2846,108.59095690823,,,
pgft2209,147.760135278969,,,
pgft495,120.674260896287,,,
pgft419,102.913822541871,,,
pgft169,110.336228741758,,,
pgft2339,75.3268912877801,,,
pgft1698,82.2934628106495,,,
pgft2993,152.870908929897,,,
pgft2287,117.534344307962,,,
pgft1661,58.7364955067293,,,
pgft1394,48.731809394799,,,
pgft877,144.119160477606,,,
pgft2813,87.0636943703943,,,
pgft2600,94.5719679830718,,,
pgft2415,55.1852756155252,,,
pgft1235,45.4754469789144,,,
pgft2383,115.155745553582,,,
pgft199,90.3469106655114,,,
pgft492,89.8267582004831,,,
pgft1130,97.9049585045467,,,
pgft904,108.024003718354,,,
pgft2490,118.41357085455,,,
pgft1606,127.253569617662,,,
pgft2047,135.830041758497,,,
pgft660,155.260631711187,,,
pgft1990,121.174689461015,,,
pgft518,65.3421613229023,,,
pgft1676,116.823550688753,,,
pgft2427,147.966059111608,,,
pgft685,52.1257073125223,,,
pgft1296,73.5343843087668,,,
pgft2395,112.138250395714,,,
pgft769,79.3959794217884,,,
pgft2793,104.270432938156,,,
pgft2483,110.431467954543,,,
pgft1154,117.533662933762,,,
pgft2089,97.1483318982201,,,
pgft34,102.838121235913,,,
pgft1831,94.198103269383,,,
pgft2928,67.4076016307447,,,
pgft2929,128.688415237123,,,
pgft2811,147.03761982613,,,
pgft1668,109.136371716862,,,
pgft1977,71.3303377588441,,,
pgft212,120.373094079875,,,
pgft1609,123.507530787074,,,
pgft240,61.4760461956731,,,
pgft1793,98.2439929151936,,,
pgft1965,88.8895222080802,,,
pgft1545,84.5832415356856,,,
pgft720,93.8622441653588,,,
pgft441,106.184433563414,,,
pgft2660,131.631792694061,,,
pgft1520,107.243239176586,,,
pgft569,74.4713725236658,,,
pgft2195,95.2753085253619,,,
pgft778,89.6491267418393,,,
pgft1496,132.822455568601,,,
pgft2874,122.217476053218,,,
pgft964,99.1639402402406,,,
pgft595,119.12070919965,,,
pgft2080,88.111926736454,,,
pgft782,102.882278963562,,,
pgft2472,72.6346422965968,,,
pgft2543,128.377216662745,,,
pgft740,105.29835626127,,,
pgft1079,53.8109097746815,,,
pgft1397,88.170784699192,,,
pgft408,112.595473044703,,,
pgft1798,116.915584915374,,,
pgft585,48.7178401569496,,,
pgft407,129.888469291963,,,
pgft504,94.6684809263002,,,
pgft149,115.699639248968,,,
pgft2068,112.593870692531,,,
pgft134,101.869204239534,,,
pgft519,90.6712502180363,,,
pgft238,141.344766682231,,,
pgft2077,61.0675166564693,,,
pgft879,65.6122719639156,,,
pgft2949,76.8717062102631,,,
pgft50,112.228196324506,,,
pgft2356,97.4244904365918,,,
pgft665,120.394893623499,,,
pgft1059,50.5026838329929,,,
pgft1092,87.0390055039859,,,
pgft1875,84.965546659294,,,
pgft1128,72.9228769301236,,,
pgft60,101.002108331949,,,
pgft2788,96.9598508835745,,,
pgft180,91.3881025400874,,,
pgft431,108.813598662801,,,
pgft821,142.959294038412,,,
pgft2967,120.497233572358,,,
pgft1305,85.1407730367367,,,
pgft2417,82.4549077357561,,,
pgft2896,131.209813181865,,,
pgft2943,89.0419108474799,,,
pgft611,86.0159416721621,,,
pgft389,107.147676158986,,,
pgft2686,122.919629356793,,,
pgft1262,116.24843405815,,,
pgft1399,111.303743669056,,,
pgft1522,90.8050544690684,,,
pgft1388,85.8049141782215,,,
pgft2972,113.362543326731,,,
pgft119,57.7587774002502,,,
pgft1251,72.6109546066274,,,
pgft892,134.070624753948,,,
pgft1967,152.587230448341,,,
pgft1256,166.52600997898,,,
pgft913,121.144906304476,,,
pgft1900,117.084114613714,,,
pgft751,109.385325905657,,,
pgft1405,62.6132759050423,,,
pgft1756,88.202830077234,,,
pgft578,88.0255321534661,,,
pgft1808,101.075334222767,,,
pgft1065,130.294040549769,,,
pgft1469,118.233618612205,,,
pgft543,91.2785688313917,,,
pgft832,75.2195800913448,,,
pgft1662,129.217020914025,,,
pgft317,116.206918942628,,,
pgft465,91.6508487316724,,,
pgft150,104.543401885485,,,
pgft1117,81.1852674142464,,,
pgft2144,106.293860623473,,,
pgft1134,104.683031989806,,,
pgft197,128.552888837446,,,
pgft2481,122.835208900658,,,
pgft272,87.0387207914146,,,
pgft2702,47.798274232754,,,
pgft2135,87.6204029244666,,,
pgft895,139.057727498116,,,
pgft2232,42.2420945353882,,,
pgft992,106.71163369428,,,
pgft2101,109.442722770835,,,
pgft1704,140.825179700457,,,
pgft1153,143.668188686444,,,
pgft1207,101.975134573496,,,
pgft1338,98.9522916580343,,,
pgft67,100.177880347056,,,
pgft734,43.8939979122978,,,
pgft352,102.122271285994,,,
pgft1709,108.309425505531,,,
pgft2242,153.904118128497,,,
pgft1494,120.471666505984,,,
pgft1036,54.9785499044718,,,
pgft948,70.7163406892687,,,
pgft530,166.439668154004,,,
pgft2117,98.373075950095,,,
pgft840,124.440303840146,,,
pgft570,49.5052313542806,,,
pgft1963,107.998997308126,,,
pgft2557,117.172719207134,,,
pgft350,132.40440245415,,,
pgft521,122.313305209071,,,
pgft745,57.0772222160908,,,
pgft2663,168.698740561237,,,
pgft2327,118.432829932016,,,
pgft837,68.5036588294513,,,
pgft1896,76.7277240834862,,,
pgft930,100.589425532403,,,
pgft2476,119.868784666759,,,
pgft666,87.2693066050699,,,
pgft597,90.0160078199637,,,
pgft2319,90.2630739345528,,,
pgft46,80.4027855988548,,,
pgft322,112.417551614653,,,
pgft2681,63.055895099177,,,
pgft2078,116.62441148436,,,
pgft623,100.554828860562,,,
pgft1902,111.228684036708,,,
pgft2886,95.7246019179513,,,
pgft1053,108.280242127681,,,
pgft2003,123.599248773861,,,
pgft779,67.7999212727988,,,
pgft749,93.8244961503327,,,
pgft466,90.5455374618074,,,
pgft1163,97.8410487097855,,,
pgft512,143.549383183755,,,
pgft2616,87.6643738974981,,,
pgft44,117.110201151987,,,
pgft1248,127.027391416406,,,
pgft1922,97.5692219722178,,,
pgft2910,52.4752146866048,,,
pgft3000,82.9133490735387,,,
pgft890,85.8638745963715,,,
pgft781,72.6957060924976,,,
pgft2808,99.7786062113632,,,
pgft1070,113.449131030785,,,
pgft1712,83.8987230382649,,,
pgft299,107.516154232672,,,
pgft2000,83.5932164990195,,,
pgft969,78.8087577067928,,,
pgft558,76.9427797964525,,,
pgft1616,104.203365911018,,,
pgft847,98.8315100173726,,,
pgft2011,118.87909285022,,,
pgft1811,50.0517350366815,,,
pgft1598,54.780632260479,,,
pgft601,90.2127725759074,,,
pgft843,75.9939148567018,,,
pgft163,64.8202842904265,,,
pgft1753,126.934867558294,,,
pgft1796,117.262503919809,,,
pgft865,73.017918509657,,,
pgft2580,93.1528314013865,,,
pgft331,119.631676323635,,,
pgft2048,96.5386702332023,,,
pgft1947,53.4214170545134,,,
pgft2787,113.820753365601,,,
pgft1008,124.679727889535,,,
pgft780,138.888250419832,,,
pgft867,90.8578114069666,,,
pgft788,110.21629041139,,,
pgft973,89.054587452377,,,
pgft1957,64.7208054120131,,,
pgft799,107.293534256829,,,
pgft1275,65.652354701737,,,
pgft427,68.6898281825016,,,
pgft239,119.04250398905,,,
pgft2384,99.4849176114112,,,
pgft1176,87.2964628069548,,,
pgft705,108.8598521169,,,
pgft167,97.5872255099616,,,
pgft2267,101.066472499216,,,
pgft2809,85.6668034520121,,,
pgft1524,95.2034198428706,,,
pgft2381,94.7239340267494,,,
pgft2753,77.6578206201527,,,
pgft2836,95.1724940284189,,,
pgft917,74.4905790039175,,,
pgft2653,94.6763388100575,,,
pgft380,43.2509278404209,,,
pgft2475,58.8788028120216,,,
pgft1047,91.9003786655141,,,
pgft1991,68.9902772997582,,,
pgft1107,107.763516775126,,,
pgft1057,135.281959175808,,,
pgft716,180.823335073861,,,
pgft1436,77.5721398218222,,,
pgft64,94.1723175626794,,,
pgft1992,149.912373441867,,,
pgft1344,87.3193833906342,,,
pgft673,110.373687187225,,,
pgft122,107.095323697982,,,
pgft1892,77.4751911580932,,,
pgft768,115.670759557007,,,
pgft221,67.4872240928408,,,
pgft2527,73.3358549353727,,,
pgft2879,90.6508512158712,,,
pgft2040,78.7035398424149,,,
pgft201,69.3388224988363,,,
pgft2239,81.6173523383418,,,
pgft1653,58.6642380626019,,,
pgft1705,98.9532577035517,,,
pgft1369,78.714892167632,,,
pgft2578,108.671180219577,,,
pgft1685,115.295892327219,,,
pgft1672,89.5428140014229,,,
pgft206,103.906574066157,,,
pgft695,113.656597317944,,,
pgft929,123.549040809027,,,
pgft2288,50.7422667776079,,,
pgft2388,99.1773986404566,,,
pgft1272,77.5624244581651,,,
pgft103,51.7790427300153,,,
pgft962,42.6533141467172,,,
pgft2966,105.216485598902,,,
pgft2559,111.662710542828,,,
pgft592,75.8379027952256,,,
pgft413,97.466637147784,,,
pgft2414,93.6714986797961,,,
pgft2872,125.309735055315,,,
pgft2944,96.0069611338618,,,
pgft1410,136.476763854741,,,
pgft1415,120.452305900009,,,
pgft1284,75.4363419420964,,,
pgft2442,77.788774053878,,,
pgft491,140.515777448862,,,
pgft1300,68.5477152650517,,,
pgft173,80.6253453504659,,,
pgft2250,97.386785451438,,,
pgft457,67.7257822379348,,,
pgft1950,64.4426669932704,,,
pgft1857,88.5633091884559,,,
pgft2394,74.6803066832791,,,
pgft2818,137.145743842942,,,
pgft2668,38.8362411079323,,,
pgft2639,72.1194963743035,,,
pgft1655,104.940544560962,,,
pgft1946,111.731551014835,,,
pgft129,106.556020024797,,,
pgft2998,102.826961361951,,,
pgft1682,93.5019522238419,,,
pgft2632,128.497508723252,,,
pgft2273,108.690845158938,,,
pgft1697,121.200458280604,,,
pgft2669,82.7811860805822,,,
pgft2859,136.603886818602,,,
pgft2429,73.3992424167723,,,
pgft1301,97.3946173752677,,,
pgft808,145.866939134039,,,
pgft1537,82.0366037944521,,,
pgft1396,94.6209562902654,,,
pgft2120,105.482369330947,,,
pgft2070,75.217288569868,,,
pgft2992,110.329072133605,,,
pgft2905,90.3138646240678,,,
pgft532,104.383188178822,,,
pgft896,120.574320456255,,,
pgft2359,104.879359970446,,,
pgft2451,134.08287374793,,,
pgft493,143.001527760511,,,
pgft1737,143.334740598924,,,
pgft264,82.2665192352384,,,
pgft545,42.219707558942,,,
pgft411,101.614446009262,,,
pgft80,82.0806996180333,,,
pgft1102,121.680087961714,,,
pgft2805,92.3623989094602,,,
pgft1746,78.6558904516454,,,
pgft2534,95.3788463411089,,,
pgft2567,43.1449156912107,,,
pgft2382,118.945775128481,,,
pgft1011,109.878156949266,,,
pgft2973,100.776352185766,,,
pgft155,118.51220254319,,,
pgft2082,124.814044701778,,,
pgft1433,101.264949691101,,,
pgft55,147.068049767544,,,
pgft1131,60.3789241592225,,,
pgft1774,133.50958568046,,,
pgft85,91.2563983822915,,,
pgft2728,128.741348270049,,,
pgft1585,80.9480590249302,,,
pgft2090,111.002693030149,,,
pgft1933,121.632547894468,,,
pgft503,81.1573249951594,,,
pgft1149,122.74744251936,,,
pgft48,146.964123767098,,,
pgft1112,81.2358998417975,,,
pgft347,114.238208971299,,,
pgft2062,92.5125089784219,,,
pgft1420,54.8214362559326,,,
pgft2210,60.9747828132104,,,
pgft1161,66.3930458715861,,,
pgft907,91.8658291258479,,,
pgft2477,108.568867253414,,,
pgft326,128.358670000234,,,
pgft1303,156.365658970798,,,
pgft2853,100.637448945315,,,
pgft366,84.3995593757708,,,
pgft2224,102.695820978837,,,
pgft2548,53.3391896901338,,,
pgft2261,132.74555521429,,,
pgft2021,71.762395615834,,,
pgft2650,111.896590711393,,,
pgft1280,77.5067914939345,,,
pgft277,167.059215274262,,,
pgft1699,90.6833621512548,,,
pgft248,141.330818360237,,,
pgft1071,66.4427966967976,,,
pgft1956,44.5831350842161,,,
pgft2844,134.123637294959,,,
pgft2515,101.521371803837,,,
pgft2425,62.643245786756,,,
pgft1824,50.3071591025323,,,
pgft1046,63.5232170186998,,,
pgft476,85.2641022700292,,,
pgft1119,98.0461833437753,,,
pgft1502,106.290113392654,,,
pgft1205,141.857621007608,,,
pgft990,113.684619873816,,,
pgft1358,94.6884478499713,,,
pgft2255,106.286478219708,,,
pgft811,107.364162321765,,,
pgft1621,77.2978212493249,,,
pgft1521,130.39144048482,,,
pgft863,88.6759566602171,,,
pgft498,58.8019236036245,,,
pgft432,112.205159207177,,,
pgft360,104.920321938059,,,
pgft1069,68.6334358276983,,,
pgft1330,150.044521489726,,,
pgft260,60.0643431427258,,,
pgft2128,84.2090135677797,,,
pgft2806,110.210718150815,,,
pgft2539,46.3517439618148,,,
pgft846,79.883594160666,,,
pgft282,93.8313665278672,,,
pgft2182,104.636470130445,,,
pgft2947,85.7440771350461,,,
pgft383,118.247519257946,,,
pgft108,108.871643279077,,,
pgft2714,106.496004132405,,,
pgft2826,65.5456493237518,,,
pgft1437,137.579196135114,,,
pgft1955,124.549911772061,,,
pgft1089,67.9745859452964,,,
pgft284,99.8650578607704,,,
pgft2564,125.932277485982,,,
pgft1120,101.820713138569,,,
pgft1588,90.0911785448897,,,
pgft714,146.552357509838,,,
pgft870,81.0985195737235,,,
pgft1593,114.508480159072,,,
pgft2160,113.704385824729,,,
pgft1024,37.4348048740448,,,
pgft1754,114.710297524831,,,
pgft480,80.5858984201719,,,
pgft566,94.3164961188181,,,
pgft1645,95.0875335688385,,,
pgft1554,114.871116628695,,,
pgft2877,133.616442092713,,,
pgft175,62.2525892059798,,,
pgft2550,94.8406878842209,,,
pgft2885,152.836021269885,,,
pgft43,151.147022957089,,,
pgft1720,100.462777705987,,,
pgft2292,55.8083530054637,,,
pgft909,115.253820459769,,,
pgft471,140.027385195664,,,
pgft589,98.4875676240042,,,
pgft2193,45.280703761977,,,
pgft2999,45.1707646087332,,,
pgft1939,97.6094177367608,,,
pgft1667,161.775300251599,,,
pgft1125,107.190944219307,,,
pgft966,110.085028196091,,,
pgft1741,83.850967150753,,,
pgft114,127.794409759792,,,
pgft2418,123.840879516982,,,
pgft2546,122.241976138287,,,
pgft311,139.008261550824,,,
pgft392,79.2043461965781,,,
pgft2521,111.216414642791,,,
pgft365,137.667576122223,,,
pgft137,59.6039767079248,,,
pgft1816,111.855238137359,,,
pgft1586,51.6799802665181,,,
pgft2028,82.6172365504344,,,
pgft341,95.1735060771301,,,
pgft1675,133.445685050626,,,
pgft75,99.1352220476337,,,
pgft2151,78.9055577376189,,,
pgft1589,86.9794142107883,,,
pgft1331,103.786692006867,,,
pgft391,76.5777623531972,,,
pgft2466,99.358640070142,,,
pgft2961,89.7501400559993,,,
pgft451,108.209789825216,,,
pgft156,61.8166072705244,,,
pgft267,78.0381478220267,,,
pgft960,94.8912142598201,,,
pgft293,77.6495123312411,,,
pgft1378,51.4962002697324,,,
pgft1663,102.317362425437,,,
pgft1042,112.618340687921,,,
pgft1961,197.06787995896,,,
pgft1291,80.3937104016468,,,
pgft2509,118.61333740976,,,
pgft2869,103.036642209387,,,
pgft2386,123.828982652091,,,
pgft1316,114.068788191337,,,
pgft668,119.287994654164,,,
pgft6,58.8572196786759,,,
pgft2747,75.6376009181511,,,
pgft2060,89.7100866230107,,,
pgft2609,77.6859863688587,,,
pgft25,70.1021297521749,,,
pgft926,69.2168359920215,,,
pgft2547,48.0893443933975,,,
pgft1003,127.463562671996,,,
pgft303,113.549602055995,,,
pgft1342,77.1501824444043,,,
pgft2452,95.6688481082938,,,
pgft1241,58.2535564640556,,,
pgft986,103.417198980235,,,
pgft511,100.99311088931,,,
pgft351,132.762296392212,,,
pgft2860,52.4790356013285,,,
pgft1187,121.365280165731,,,
pgft440,107.397927936566,,,
pgft56,128.034550356671,,,
pgft355,115.284618663583,,,
pgft2955,96.4231441543875,,,
pgft1452,110.490972426785,,,
pgft1974,73.5145459183976,,,
pgft546,79.9955229247443,,,
pgft17,71.4613931047842,,,
pgft580,122.494106645604,,,
pgft70,93.1956707567637,,,
pgft2246,98.5231467799224,,,
pgft160,53.9091411674472,,,
pgft2499,150.76239505388,,,
pgft2820,114.861802643076,,,
pgft338,148.155782618336,,,
pgft1845,111.242898853547,,,
pgft2780,82.7265678147292,,,
pgft2059,97.9244675517959,,,
pgft2576,90.0177392840961,,,
pgft194,107.508285802383,,,
pgft1182,54.5548640110932,,,
pgft2834,73.6254217182234,,,
pgft1056,85.9251283517119,,,
pgft1492,120.103948676247,,,
pgft2665,38.6201377850745,,,
pgft253,105.882922560394,,,
pgft1299,106.56134862701,,,
pgft638,83.1696670236809,,,
pgft1043,97.8862272410249,,,
pgft2208,81.6211468305349,,,
pgft21,55.4968720092868,,,
pgft1876,157.491902808998,,,
pgft1084,108.06725267374,,,
pgft2296,82.437472803072,,,
pgft2036,122.068122080988,,,
pgft483,83.594976172099,,,
pgft2627,56.3725467938352,,,
pgft1707,148.322914885508,,,
pgft2715,138.031887073668,,,
pgft637,114.523143643284,,,
pgft2875,97.6625712798306,,,
pgft748,125.320814457234,,,
pgft763,58.5573856935837,,,
pgft562,109.584933205551,,,
pgft1445,87.3552656009115,,,
pgft2804,141.439062158494,,,
pgft2898,107.912638960031,,,
pgft2142,105.792705074134,,,
pgft2375,62.8729806737176,,,
pgft1217,67.0628592230511,,,
pgft2169,144.535491570671,,,
pgft875,103.251598082198,,,
pgft1789,117.849015893516,,,
pgft1387,50.5512147970182,,,
pgft2433,101.790121793304,,,
pgft1426,126.623860359127,,,
pgft897,150.391535219523,,,
pgft1938,48.0872380513017,,,
pgft775,109.522604920651,,,
pgft2172,97.7998001750927,,,
pgft1722,92.7686284784606,,,
pgft958,122.444472907772,,,
pgft997,116.938876250721,,,
pgft2989,94.013879948821,,,
pgft2457,93.405327628822,,,
pgft977,119.59217432022,,,
pgft1518,103.231586159737,,,
pgft604,106.702854132345,,,
pgft2374,65.7625798086588,,,
pgft1307,121.539667156498,,,
pgft71,101.018361763846,,,
pgft982,87.5765011866965,,,
pgft200,73.2381946337343,,,
pgft2655,99.7946065411143,,,
pgft1030,94.7265304177278,,,
pgft2285,99.5327163297679,,,
pgft2042,73.2969994133262,,,
pgft561,91.8335602964024,,,
pgft406,99.985043739742,,,
pgft1372,84.2583967577748,,,
pgft550,102.473461272239,,,
pgft1997,82.837666641949,,,
pgft1975,123.267082193194,,,
pgft1012,131.265059784491,,,
pgft2393,66.9150416182729,,,
pgft1039,120.551567845026,,,
pgft2340,74.4770207150829,,,
pgft1457,111.763200536704,,,
pgft1322,89.0326911909295,,,
pgft1346,112.454399998083,,,
pgft2450,114.37755455007,,,
pgft1549,55.6695622840071,,,
pgft1078,110.927736741298,,,
pgft760,80.6346526210037,,,
pgft1984,121.120306716179,,,
pgft1184,69.8227649251419,,,
pgft827,64.4570580416774,,,
pgft1559,76.8749006054608,,,
pgft242,57.6656066206043,,,
pgft246,118.103328690611,,,
pgft2611,97.6206358056452,,,
pgft1458,114.382554692664,,,
pgft1425,134.18910732448,,,
pgft2623,121.027500995702,,,
pgft374,90.5767207539443,,,
pgft2290,90.1163135667111,,,
pgft2322,66.0488982938011,,,
pgft2360,89.0118791932049,,,
pgft1270,55.6678345083356,,,
pgft233,139.898048713886,,,
pgft1909,96.2222714422428,,,
pgft1237,66.8707499090055,,,
pgft1129,156.225586681616,,,
pgft269,92.9403750008771,,,
pgft1196,100.094662340736,,,
pgft1716,98.6241867386249,,,
pgft2512,66.6078577050041,,,
pgft449,55.7037960071815,,,
pgft582,85.4086575060752,,,
pgft2166,85.3559412353503,,,
pgft1357,82.5859608595033,,,
pgft2952,81.9169009227885,,,
pgft2835,123.033369718022,,,
pgft2825,120.976453945409,,,
pgft993,91.9112809598765,,,
pgft2051,123.2042571154,,,
pgft950,77.169673822359,,,
pgft1942,143.178463713715,,,
pgft941,99.9758962127614,,,
pgft1061,125.081799390041,,,
pgft1683,138.307588968361,,,
pgft1064,67.7409092247217,,,
pgft1894,119.294782391842,,,
pgft485,95.3134408756865,,,
pgft1077,80.1548390731906,,,
pgft2542,74.2992778300417,,,
pgft1080,80.385809793118,,,
pgft83,95.5625693953406,,,
pgft1828,113.600697662332,,,
pgft743,75.9615341027465,,,
pgft2672,65.9414948648652,,,
pgft2766,112.019679415197,,,
pgft223,84.8655578640871,,,
pgft2570,114.378294097555,,,
pgft1060,87.8435360528836,,,
pgft1871,106.529801214582,,,
pgft2619,141.255394388865,,,
pgft2709,152.947495201417,,,
pgft2014,81.5029238765297,,,
pgft1507,104.284478415348,,,
pgft1290,106.151502275825,,,
pgft58,83.8047253841179,,,
pgft525,106.896242324009,,,
pgft765,89.9627079829283,,,
pgft2456,90.4068587332604,,,
pgft2303,65.8747001302948,,,
pgft1310,61.0649720365393,,,
pgft955,112.601032892529,,,
pgft2129,53.221149514196,,,
pgft1773,81.6205522877331,,,
pgft1812,84.6822659613019,,,
pgft687,143.548951800043,,,
pgft2840,98.7165696633582,,,
pgft2511,45.9551192734482,,,
pgft1834,63.5203937563727,,,
pgft2803,84.0337778864436,,,
pgft1382,125.737726187061,,,
pgft2984,112.71604196042,,,
pgft442,66.6888366425374,,,
pgft68,110.82265530723,,,
pgft1160,111.230235218748,,,
pgft1934,92.2161593210931,,,
pgft880,47.5306172041796,,,
pgft1806,108.064414853082,,,
pgft1162,99.9339307694331,,,
pgft1517,113.053539625647,,,
pgft2598,110.657971530425,,,
pgft2075,105.79745080344,,,
pgft2980,116.351604959936,,,
pgft1619,62.7772012777623,,,
pgft1597,119.656217770797,,,
pgft2131,90.5954594489611,,,
pgft2019,110.746265691226,,,
pgft2102,132.013090036334,,,
pgft2330,139.999607976713,,,
pgft1186,43.701045698685,,,
pgft1371,118.896439964558,,,
pgft996,82.0880471551441,,,
pgft2009,52.1089256186805,,,
pgft1029,80.6207428489338,,,
pgft2552,46.1252237923324,,,
pgft690,87.3080954233957,,,
pgft829,139.521756537326,,,
pgft464,74.213369695844,,,
pgft232,110.76454509646,,,
pgft1768,44.8572656655848,,,
pgft920,83.1422315678921,,,
pgft974,141.540909848872,,,
pgft2769,40.7076006154091,,,
pgft2178,62.6411701684888,,,
pgft1702,109.115942559236,,,
pgft531,63.7189079673114,,,
pgft878,71.4503728997582,,,
pgft2214,56.1452580363536,,,
pgft2761,93.1905014536774,,,
pgft2058,63.1953316697185,,,
pgft2449,96.8782224853762,,,
pgft2207,81.5091980115283,,,
pgft1610,68.410580407237,,,
pgft1638,100.193622896247,,,
pgft1265,53.1330576021337,,,
pgft1794,85.1139159465317,,,
pgft333,72.969333324046,,,
pgft2444,100.666208037885,,,
pgft650,79.9878708721136,,,
pgft916,63.040874270699,,,
pgft1772,105.852294494686,,,
pgft2211,121.542469685537,,,
pgft2744,119.917465444739,,,
pgft494,116.536697776825,,,
pgft1348,131.044736790475,,,
pgft1395,69.7058936355372,,,
pgft275,108.235274237807,,,
pgft588,82.9125518286232,,,
pgft1765,54.9885545499947,,,
pgft583,64.3841945248782,,,
pgft2641,74.6690362655795,,,
pgft527,91.684595402975,,,
pgft2041,83.6851504475206,,,
pgft2675,113.525242456748,,,
pgft1725,111.297733064004,,,
pgft758,75.5904727410975,,,
pgft1860,137.095502003575,,,
pgft2628,122.544554801619,,,
pgft345,98.4106412167702,,,
pgft2373,59.8893257979372,,,
pgft559,104.080920322273,,,
pgft2271,103.435489069767,,,
pgft1649,79.4859196676156,,,
pgft983,66.4848337983951,,,
pgft796,105.141167787355,,,
pgft1788,68.7893992578883,,,
pgft91,49.2387147598957,,,
pgft887,168.390511256276,,,
pgft2756,114.780664565969,,,
pgft437,135.682975768119,,,
pgft2116,103.155728223682,,,
pgft1025,96.7742854193627,,,
pgft1271,123.2946177932,,,
pgft2236,41.3894308642356,,,
pgft1324,110.969350051537,,,
pgft1837,115.733762974506,,,
pgft2259,94.7480808888522,,,
pgft927,109.458397748781,,,
pgft90,125.957556385988,,,
pgft2141,111.723641380675,,,
pgft1074,76.3266567515405,,,
pgft375,46.3160543492287,,,
pgft502,81.6936962413791,,,
pgft458,100.690619647374,,,
pgft2413,100.379775254996,,,
pgft135,81.6389517294668,,,
pgft1110,124.349723823062,,,
pgft1890,120.003372018274,,,
pgft1708,73.336249097269,,,
pgft1674,154.627155525821,,,
pgft251,120.16173967995,,,
pgft69,93.9735069857838,,,
pgft2378,92.7986390556278,,,
pgft1351,93.0366900314264,,,
pgft2357,109.264899550008,,,
pgft2238,84.3623441093045,,,
pgft2093,65.4783746501454,,,
pgft1040,98.8349310292242,,,
pgft957,120.905803932378,,,
pgft921,86.4269951911983,,,
pgft32,103.687011589199,,,
pgft1252,125.803222067234,,,
pgft1600,76.1566002712074,,,
pgft952,81.4441231314226,,,
pgft2266,95.2260744291657,,,
pgft933,115.459973622827,,,
pgft434,125.618741725406,,,
pgft564,125.694001552073,,,
pgft707,58.3709307781064,,,
pgft968,114.905252724287,,,
pgft2328,76.9798650515734,,,
pgft572,67.4583129813232,,,
pgft2344,71.8191966655053,,,
pgft315,158.721968249066,,,
pgft2605,106.136592279481,,,
pgft2459,69.4751630129436,,,
pgft2235,115.843224298237,,,
pgft2785,134.201767754979,,,
pgft376,103.029341352855,,,
pgft1206,91.7753060897675,,,
pgft218,96.2584504798708,,,
pgft1264,96.9228096303097,,,
pgft2712,118.116305432813,,,
pgft873,122.942302378385,,,
pgft2031,106.133916217053,,,
pgft1791,112.041686353713,,,
pgft2749,133.581649803747,,,
pgft146,104.314053432118,,,
pgft1505,122.694093898025,,,
pgft2752,85.4737343923721,,,
pgft1678,45.7998956237665,,,
pgft1730,79.2581485395415,,,
pgft2730,95.1233912788821,,,
pgft1795,116.068262569238,,,
pgft1229,103.995854475421,,,
pgft670,97.4647284311937,,,
pgft991,126.152968813967,,,
pgft761,123.784407553087,,,
pgft2164,118.887925283864,,,
pgft28,101.034109934655,,,
pgft2738,116.42254069646,,,
pgft2112,94.0957887804736,,,
pgft219,120.300746576564,,,
pgft2256,102.546382894133,,,
pgft2345,78.5139991700075,,,
pgft2385,153.265957612662,,,
pgft2480,102.655321538817,,,
pgft2351,79.1290548076818,,,
pgft1535,93.6219600136336,,,
pgft2604,72.3504954139749,,,
pgft2213,89.4128650786975,,,
pgft2503,105.316687027131,,,
pgft1764,111.970756474659,,,
pgft2362,109.216084981655,,,
pgft2838,125.885687845077,,,
pgft320,101.098567560821,,,
pgft1949,136.527158297206,,,
pgft1747,80.8367327935447,,,
pgft869,102.691749644098,,,
pgft640,69.9308445778066,,,
pgft2565,52.5543197529643,,,
pgft243,102.434070790979,,,
pgft463,116.778242013377,,,
pgft2002,111.300255475041,,,
pgft111,106.429533127074,,,
pgft2462,110.03971527171,,,
pgft387,139.444034833795,,,
pgft1226,101.278924380662,,,
pgft2719,105.971360047308,,,
pgft2506,82.810120521869,,,
pgft2909,97.8850037010346,,,
pgft395,66.2861270013648,,,
pgft1981,108.985469360554,,,
pgft1918,88.619116900248,,,
pgft984,126.8255238316,,,
pgft321,47.9476959424893,,,
pgft1650,37.5663857536332,,,
pgft2046,99.1435813639915,,,
pgft418,72.8207038659777,,,
pgft1165,99.4907883020875,,,
pgft2197,121.365345660013,,,
pgft970,82.9393045989286,,,
pgft2881,114.717947729203,,,
pgft631,132.781357880871,,,
pgft231,97.0956770769107,,,
pgft2010,94.8715956916426,,,
pgft1723,85.7392029247608,,,
pgft2498,105.649112417642,,,
pgft1924,101.554566500409,,,
pgft1214,150.422338956406,,,
pgft2201,123.524661363996,,,
pgft2718,89.454808467393,,,
pgft450,90.6178737283106,,,
pgft1572,96.6226984909149,,,
pgft987,134.567081055787,,,
pgft2171,101.230613228766,,,
pgft577,153.890152033681,,,
pgft694,97.3311895912065,,,
pgft2432,146.391666437383,,,
pgft1240,55.5476922936254,,,
pgft140,59.3080664088484,,,
pgft2199,71.2590833603679,,,
pgft171,85.6515726999114,,,
pgft2745,56.5412475094577,,,
pgft2227,80.0222041102849,,,
pgft65,62.7486398137308,,,
pgft2215,74.7541372221535,,,
pgft1374,84.2680821935831,,,
pgft2934,125.878250930425,,,
pgft2889,115.444103426412,,,
pgft833,105.927439991133,,,
pgft2052,128.006834954854,,,
pgft1964,132.987076542556,,,
pgft81,101.523466431956,,,
pgft2525,109.738219043953,,,
pgft2035,98.1032632508669,,,
pgft727,112.593326788908,,,
pgft2190,67.5268585505117,,,
pgft1138,77.5572688116408,,,
pgft192,106.880970420519,,,
pgft2773,85.390087662233,,,
pgft2044,93.1967214682016,,,
pgft934,119.813542266467,,,
pgft1558,147.540050139312,,,
pgft1829,48.9697721867275,,,
pgft421,112.212034263469,,,
pgft2760,97.3916503941332,,,
pgft1178,69.5000392906295,,,
pgft190,94.0271088667956,,,
pgft2347,118.026850594151,,,
pgft937,113.202577166462,,,
pgft37,107.24840595781,,,
pgft2368,136.70717794779,,,
pgft2038,86.191585081843,,,
pgft2571,53.4559959583104,,,
pgft2935,120.737289752381,,,
pgft2146,65.1750373993205,,,
pgft1073,131.528877120122,,,
pgft1461,67.2967985712058,,,
pgft154,78.7730034501337,,,
pgft723,121.250512621993,,,
pgft2703,76.5575605714311,,,
pgft1874,148.383808579314,,,
pgft291,85.7843266929866,,,
pgft4,85.7260736222863,,,
pgft854,110.930961255459,,,
pgft1835,99.419341666124,,,
pgft1215,67.2180122769288,,,
pgft187,106.687242244063,,,
pgft1459,121.1011894356,,,
pgft1139,116.475190820964,,,
pgft188,80.4893415460935,,,
pgft1263,74.6768915171071,,,
pgft368,87.2639206090121,,,
pgft1152,115.087671865034,,,
pgft1031,81.8175940660185,,,
pgft2230,94.9828956379529,,,
pgft725,130.378322546607,,,
pgft1525,44.0591589476911,,,
pgft295,100.992705282236,,,
pgft1691,121.697820252291,,,
pgft301,83.7336953709379,,,
pgft1670,114.313467128392,,,
pgft2134,105.364034626284,,,
pgft241,128.699186354695,,,
pgft1848,110.932520794911,,,
pgft228,113.649581217695,,,
pgft626,49.9237020126899,,,
pgft2941,122.428431233845,,,
pgft497,93.9829590333502,,,
pgft786,88.953172320567,,,
pgft1775,143.417525235698,,,
pgft2114,98.5812432485454,,,
pgft719,61.2602123439917,,,
pgft2876,119.237193777822,,,
pgft1317,103.783465579162,,,
pgft87,119.717746668353,,,
pgft2358,138.937928766432,,,
pgft2783,64.5927925103849,,,
pgft1787,115.694856234813,,,
pgft1962,108.074815039394,,,
pgft1345,97.020791615621,,,
pgft1578,57.118490297621,,,
pgft1180,60.8868500795199,,,
pgft1899,107.582052996081,,,
pgft1403,56.0370073575559,,,
pgft318,141.094300319331,,,
pgft2020,148.008890266668,,,
pgft73,86.9732657010792,,,
pgft1137,142.575991475308,,,
pgft1530,77.4631733915482,,,
pgft2697,105.254373258154,,,
pgft1390,115.70282557209,,,
pgft886,100.5842010424,,,
pgft2174,61.9775665722778,,,
pgft323,101.865648895463,,,
pgft2842,97.5158992254567,,,
pgft2893,62.8224673860585,,,
pgft1429,91.495134886018,,,
pgft2746,50.7151479742737,,,
pgft1350,65.8374706461907,,,
pgft2400,133.625385408203,,,
pgft1243,85.9436773650985,,,
pgft384,61.6094803945805,,,
pgft256,85.0545590625215,,,
pgft123,121.542998728119,,,
pgft2612,68.5896569278239,,,
pgft1037,102.716336075455,,,
pgft2277,80.7703651866221,,,
pgft430,79.5041222635674,,,
pgft136,86.733744790355,,,
pgft2221,127.129906216432,,,
pgft753,53.4839262574122,,,
pgft2155,77.9055061374794,,,
pgft575,145.065301824186,,,
pgft1293,89.2565946510663,,,
pgft1914,79.4731565171593,,,
pgft1222,137.58971730341,,,
pgft1726,113.798455036586,,,
pgft2956,89.2516413558701,,,
pgft1273,122.669351702702,,,
pgft998,102.132662471255,,,
pgft1366,57.2416535720666,,,
pgft176,59.2147360437618,,,
pgft2244,111.309137649725,,,
pgft179,84.6817615962762,,,
pgft1862,53.5155483338167,,,
pgft1574,111.1861228039,,,
pgft1359,108.285577796165,,,
pgft1339,77.6548121108981,,,
pgft319,142.327578926024,,,
pgft439,106.337308836522,,,
pgft1451,100.817924270066,,,
pgft247,70.2304828076775,,,
pgft2216,127.098713684224,,,
pgft1850,62.7429996085008,,,
pgft1504,84.1471753682261,,,
pgft316,54.6283254139095,,,
pgft1159,91.9581907243618,,,
pgft1635,160.352905223161,,,
pgft1546,105.217588649561,,,
pgft2260,54.5872820277354,,,
pgft2963,121.781234657243,,,
pgft659,87.738586914456,,,
pgft2895,111.994255999094,,,
pgft157,69.2963426501991,,,
pgft2072,115.437949682631,,,
pgft363,81.4316084508179,,,
pgft598,48.0737965820248,,,
pgft1620,96.3019942430089,,,
pgft2695,101.186967055034,,,
pgft1745,108.878496031113,,,
pgft2226,106.979620614612,,,
pgft524,109.263807469227,,,
pgft2847,101.907793924088,,,
pgft2652,98.2350331370571,,,
pgft602,123.009231304021,,,
pgft610,96.7700003921273,,,
pgft1611,91.3883549759274,,,
pgft2986,121.391711860774,,,
pgft1185,109.420272243249,,,
pgft1480,135.991529206934,,,
pgft699,110.145444402629,,,
pgft755,79.0390844882472,,,
pgft2202,145.934569190458,,,
pgft2194,102.240016240897,,,
pgft804,63.0564316445985,,,
pgft2150,75.8055259863381,,,
pgft925,83.8068801360556,,,
pgft280,96.359366292167,,,
pgft2223,77.76196035947,,,
pgft1770,56.1956067207009,,,
pgft415,112.341845728885,,,
pgft287,79.1759372880726,,,
pgft510,116.908297791065,,,
pgft1501,63.7765381049165,,,
pgft1660,93.9677286178364,,,
pgft2454,74.6821480967393,,,
pgft1551,100.543959367159,,,
pgft1529,126.477169603023,,,
pgft2402,75.117289224949,,,
pgft2701,92.7801375675811,,,
pgft2086,77.2176710580251,,,
pgft617,97.7970647744746,,,
pgft2163,118.539446212062,,,
pgft509,116.258904326521,,,
pgft297,119.361396747471,,,
pgft1113,90.7658002998405,,,
pgft1684,103.71064873162,,,
pgft1514,111.522431846607,,,
pgft733,95.0777041792545,,,
pgft1988,112.102504875976,,,
pgft423,145.203147728343,,,
pgft153,82.9242591719343,,,
pgft2901,119.899722618148,,,
pgft2750,148.992800953392,,,
pgft939,58.8296954442939,,,
pgft1204,114.329169491135,,,
pgft1717,111.888594237876,,,
pgft1218,121.892103294647,,,
pgft2824,120.596201732795,,,
pgft944,46.9722137282845,,,
pgft234,79.4552761368706,,,
pgft2026,92.8778898591739,,,
pgft2532,48.048259913972,,,
pgft1474,112.643886013725,,,
pgft36,94.8174215394726,,,
pgft2294,147.531030460531,,,
pgft183,115.740956620389,,,
pgft2923,109.871831650899,,,
pgft265,131.138855810605,,,
pgft2936,117.216829546626,,,
pgft2832,111.506884079097,,,
pgft2572,129.480752096234,,,
pgft535,101.638871246645,,,
pgft1917,48.0332454824003,,,
pgft912,51.8744888342514,,,
pgft1377,90.0144975078559,,,
pgft1419,108.682373631599,,,
pgft2965,91.143020594895,,,
pgft2468,112.398116483173,,,
pgft2630,89.3993200439134,,,
pgft346,109.942161455855,,,
pgft800,126.723596546022,,,
pgft1846,65.8131937302594,,,
pgft2410,121.232288538351,,,
pgft795,129.728712267997,,,
pgft1018,125.631489687162,,,
pgft2217,121.927032853267,,,
pgft2586,63.7920817890917,,,
pgft698,111.564484449968,,,
pgft1427,79.9717023852292,,,
pgft1839,138.221528950192,,,
pgft681,116.925013409767,,,
pgft118,105.529012161662,,,
pgft1813,77.3788632291602,,,
pgft1591,117.877971559204,,,
pgft989,109.048445475829,,,
pgft1212,127.393186672745,,,
pgft645,166.344818764902,,,
pgft314,62.333042896765,,,
pgft1681,61.4505832756043,,,
pgft1327,118.182379318186,,,
pgft1490,135.593990349039,,,
pgft1136,119.285345737071,,,
pgft2985,116.019983814848,,,
pgft2892,108.028640700874,,,
pgft1343,102.95002979099,,,
pgft1807,121.160098600537,,,
pgft1311,89.7597923424549,,,
pgft1651,68.3982809667001,,,
pgft1286,107.853003923613,,,
pgft2118,85.1982383403913,,,
pgft682,100.78138068725,,,
pgft2620,75.4460314408877,,,
pgft1028,89.6021230037695,,,
pgft1601,74.3181198074813,,,
pgft639,57.1436451745108,,,
pgft62,69.4782819998141,,,
pgft2272,110.152608917518,,,
pgft814,70.6952072089822,,,
pgft1266,124.416140264159,,,
pgft2916,153.081864212322,,,
pgft2873,58.5972735108671,,,
pgft1538,94.9657347361605,,,
pgft2025,83.7658615580171,,,
pgft47,93.1102278888523,,,
pgft2786,123.964109784031,,,
pgft1221,112.729094154234,,,
pgft213,47.8330807983408,,,
pgft2978,130.65570221553,,,
pgft2421,93.555095414873,,,
pgft2519,117.252843518184,,,
pgft523,102.898614896664,,,
pgft693,75.1213018373405,,,
pgft1094,97.43798626598,,,
pgft2533,116.836514686792,,,
pgft2076,94.3193032896878,,,
pgft1227,101.711719885425,,,
pgft889,59.1021635903965,,,
pgft874,111.69988388107,,,
pgft40,87.3218208148406,,,
pgft382,140.532522464468,,,
pgft2175,103.666704504795,,,
pgft2493,37.266867812694,,,
pgft789,60.9076597094906,,,
pgft790,108.086613177717,,,
pgft425,53.6986819351704,,,
pgft2821,82.5338511688698,,,
pgft641,94.4470590767007,,,
pgft2321,96.6969018281463,,,
pgft1255,112.512352471016,,,
pgft1432,147.730465318053,,,
pgft2398,126.334969235716,,,
pgft2079,43.5804863146536,,,
pgft310,104.08898960337,,,
pgft1799,79.820391262774,,,
pgft1842,56.110213581427,,,
pgft2158,74.3364772086307,,,
pgft2688,61.059147959474,,,
pgft603,141.993929764298,,,
pgft1960,155.581932306078,,,
pgft2123,83.0963657621677,,,
pgft283,109.429532726988,,,
pgft834,79.6266681888439,,,
pgft2560,84.2930134709631,,,
pgft1766,69.8140694563376,,,
pgft2642,95.4480293873083,,,
pgft342,98.3251193454095,,,
pgft2868,105.10232367214,,,
pgft1893,53.3337808540411,,,
pgft1779,70.2683988984075,,,
pgft1526,65.9333589229825,,,
pgft2065,84.5392499958869,,,
pgft2007,79.7397017345531,,,
pgft433,83.3494258343472,,,
pgft1312,89.7227995697382,,,
pgft1703,123.180134131033,,,
pgft1127,122.288254572976,,,
pgft754,76.1037875312657,,,
pgft2013,134.516567588122,,,
pgft308,50.5982512820151,,,
pgft147,124.257251342999,,,
pgft1637,78.5428074969908,,,
pgft1463,103.031865360743,,,
pgft1727,92.5314035450923,,,
pgft262,118.704512250502,,,
pgft258,106.657639186739,,,
pgft426,86.8857860460373,,,
pgft2997,65.3383978499824,,,
pgft2643,95.531689883606,,,
pgft2694,90.7293893907437,,,
pgft2851,73.1606565814261,,,
pgft1072,67.7024309417666,,,
pgft1362,109.458329424253,,,
pgft1408,104.867737287331,,,
pgft971,76.8676806984777,,,
pgft2585,91.1355328299381,,,
pgft1281,83.4608379404438,,,
pgft563,103.307302334137,,,
pgft2689,96.7538829284486,,,
pgft825,87.9234743317538,,,
pgft2883,84.0800654980204,,,
pgft127,126.474932457547,,,
pgft1536,77.5425481122405,,,
pgft1516,46.4478316104277,,,
pgft2094,82.6956875044856,,,
pgft1925,85.4129367060388,,,
pgft1532,121.454055908282,,,
pgft1915,110.742301581912,,,
pgft2589,90.6331711598924,,,
pgft462,70.1833519838933,,,
pgft2814,111.650945876642,,,
pgft2796,84.6555192551191,,,
pgft202,94.4622357165441,,,
pgft2264,100.742530427599,,,
pgft452,59.4715200687048,,,
pgft435,102.10147633556,,,
pgft117,63.8527739850384,,,
pgft787,56.5693077562331,,,
pgft856,105.7546576762,,,
pgft1104,69.5485588976643,,,
pgft2921,42.9966283454323,,,
pgft1575,100.692607277926,,,
pgft706,61.7049415965793,,,
pgft2494,53.8022608298927,,,
pgft2854,144.497139196931,,,
pgft669,89.8971078850992,,,
pgft2610,69.4047404254863,,,
pgft2573,105.645974633878,,,
pgft1076,99.835315049588,,,
pgft1778,85.8668936734868,,,
pgft1294,54.8253831612399,,,
pgft1858,120.212581420321,,,
pgft166,138.766484975608,,,
pgft2713,111.441553919211,,,
pgft2958,113.401714629398,,,
pgft1326,73.6557840374414,,,
pgft2566,80.871903006633,,,
pgft2487,113.765294028625,,,
pgft2981,57.5139567265283,,,
pgft542,107.703349103188,,,
pgft2568,110.629318987115,,,
pgft460,102.081564483383,,,
pgft911,76.6418428078814,,,
pgft2942,109.46745709418,,,
pgft1805,85.285403818774,,,
pgft1016,78.8790820050694,,,
pgft2507,87.2657121948349,,,
pgft849,95.7128624449789,,,
pgft2231,55.8295718172362,,,
pgft1497,97.0947426147893,,,
pgft866,123.336342847623,,,
pgft2678,61.2540079430236,,,
pgft2029,98.8394448045966,,,
pgft2784,110.120640262635,,,
pgft1641,126.070439128161,,,
pgft470,82.0508851572062,,,
pgft2376,105.420835520789,,,
pgft1604,72.7621385792735,,,
pgft885,106.129440660767,,,
pgft2558,95.3048068603429,,,
pgft1026,122.349516657639,,,
pgft2436,97.8159748083681,,,
pgft2412,128.423649211698,,,
pgft329,86.9995623437295,,,
pgft2932,85.0948221371634,,,
pgft2891,80.9895579040448,,,
pgft658,65.8099377056212,,,
pgft2540,112.586175189849,,,
pgft625,104.654481734626,,,
pgft2081,96.2330114675311,,,
pgft2621,43.8885458134675,,,
pgft1872,92.2100171120881,,,
pgft2006,76.7208590988394,,,
pgft1108,106.268761332211,,,
pgft2922,64.2508583087012,,,
pgft648,49.7070455131746,,,
pgft2599,91.107206610388,,,
pgft2696,122.254162135812,,,
pgft2289,108.176119904297,,,
pgft1101,66.744518567724,,,
pgft353,102.48416502432,,,
pgft24,129.328076499547,,,
pgft307,119.886237570812,,,
pgft1624,89.186838947249,,,
pgft2777,76.2498537590636,,,
pgft2951,102.071763119979,,,
pgft1314,121.879402771212,,,
pgft1219,75.3898506979817,,,
pgft1442,99.972632260608,,,
pgft1759,120.095561381264,,,
pgft93,84.5216260363187,,,
pgft1145,66.0156785403473,,,
pgft2404,106.195306792941,,,
pgft76,96.4545102818352,,,
pgft2491,119.278781251555,,,
pgft2237,90.0480522954362,,,
pgft2106,94.5692059167095,,,
pgft901,100.423162668333,,,
pgft999,116.071506178827,,,
pgft1543,81.3469303653643,,,
pgft1336,141.990907814538,,,
pgft1631,117.819508952455,,,
pgft850,106.440786942706,,,
pgft776,110.779806947638,,,
pgft1454,108.968627156302,,,
pgft1513,73.9119371902406,,,
pgft2458,53.5493619529921,,,
pgft2731,64.9539744779815,,,
pgft2354,108.5509832209,,,
pgft2439,106.998837445556,,,
pgft1838,91.2742172927577,,,
pgft1411,95.7667495773149,,,
pgft817,107.509103953408,,,
pgft1986,110.312556204498,,,
pgft2001,132.480467077242,,,
pgft1063,88.2998978983033,,,
pgft1757,117.088051237209,,,
pgft2538,100.004690889801,,,
pgft1304,84.6554376046441,,,
pgft23,58.8632077965674,,,
pgft1881,119.459636633955,,,
pgft1407,86.3335504144134,,,
pgft2807,150.266413975505,,,
pgft2755,69.9484900138518,,,
pgft1752,144.940387544659,,,
pgft198,107.035598083692,,,
pgft79,125.552029461183,,,
pgft1383,49.3286869095716,,,
pgft946,136.635195779366,,,
pgft2473,99.5787927952283,,,
pgft399,131.413945612706,,,
pgft2782,101.471341458161,,,
pgft490,109.47186700765,,,
pgft2754,108.754709389158,,,
pgft696,131.54631499484,,,
pgft2625,119.385630554056,,,
pgft2817,100.789871907308,,,
pgft2591,131.521475522544,,,
pgft2218,86.5578833716076,,,
pgft1510,132.441508248175,,,
pgft2192,121.290294276019,,,
pgft298,96.8715409302643,,,
pgft369,140.991084485175,,,
pgft2991,119.038519942666,,,
pgft1475,136.02217739593,,,
pgft2500,121.914704483473,,,
pgft2470,74.4136152024782,,,
pgft1447,111.172079749637,,,
pgft794,101.178305319138,,,
pgft2649,90.3083757430257,,,
pgft903,132.01622321958,,,
pgft2743,119.681073185344,,,
pgft2590,125.82716103344,,,
pgft244,77.8128765506136,,,
pgft677,70.3065086927118,,,
pgft1630,103.028868388292,,,
pgft620,139.421701233741,,,
pgft1231,131.842619635988,,,
pgft2275,112.984156315353,,,
pgft2293,79.1919927247912,,,
pgft2299,136.488185529495,,,
pgft2447,52.5456821261354,,,
pgft2497,142.078876828511,,,
pgft2706,50.7687737042928,,,
pgft2705,125.884871178683,,,
pgft168,96.9002838946849,,,
pgft1755,145.772797799182,,,
pgft210,143.46275048225,,,
pgft1891,89.9443611634058,,,
pgft1001,61.1563985187684,,,
pgft1181,113.730570110243,,,
pgft2115,97.8457455047038,,,
pgft938,85.9772019392458,,,
pgft1201,48.0753738877525,,,
pgft2651,94.9927755203387,,,
pgft2924,73.7397601533756,,,
pgft1421,49.0771908992456,,,
pgft2313,133.268775635512,,,
pgft2032,91.8993294582309,,,
pgft2016,94.2126729324209,,,
pgft2633,127.0028253384,,,
pgft766,81.571868216401,,,
pgft2635,64.9282972677081,,,
pgft2157,155.47142195924,,,
pgft1905,117.144832611784,,,
pgft501,101.458686721095,,,
pgft942,95.6226286891463,,,
pgft838,105.300774335887,,,
pgft1945,130.621541904022,,,
pgft396,87.3023820611093,,,
pgft2222,100.828944247699,,,
pgft2430,95.3718660463033,,,
pgft1853,108.150053925606,,,
pgft1168,92.8264296797817,,,
pgft409,143.906830243483,,,
pgft1515,66.3501916639278,,,
pgft1647,74.2313735648765,,,
pgft1801,103.835174028368,,,
pgft2528,84.4396771168609,,,
pgft2377,118.68426158218,,,
pgft110,153.64109620952,,,
pgft1508,39.9438498128127,,,
pgft473,99.6154815317466,,,
pgft2561,84.5490928352369,,,
pgft961,139.890302733486,,,
pgft1192,48.8872354379474,,,
pgft1777,58.8863715096941,,,
pgft1418,104.357376267167,,,
pgft762,104.857450332905,,,
pgft820,86.048689278782,,,
pgft2541,101.497157884482,,,
pgft1923,106.869913620672,,,
pgft2346,114.396614154169,,,
pgft2987,99.2694039062063,,,
pgft1556,123.40182973109,,,
pgft2529,132.328884333646,,,
pgft356,108.165180994585,,,
pgft515,111.547429846547,,,
pgft474,114.697710107994,,,
pgft489,95.4389012103009,,,
pgft53,107.467347391372,,,
pgft2152,106.177000822962,,,
pgft1464,55.3239870585049,,,
pgft1996,117.729977459714,,,
pgft1552,60.9009792990142,,,
pgft1968,107.822123126409,,,
pgft2198,122.881632581778,,,
pgft2637,102.836811800844,,,
pgft1503,113.887066096622,,,
pgft2455,63.4687844786749,,,
pgft394,50.8899060043856,,,
pgft2127,105.879077835964,,,
pgft2658,54.9728437951945,,,
pgft2341,132.728794422609,,,
pgft2517,119.245166805333,,,
pgft1023,118.685672259728,,,
pgft115,79.2302904528981,,,
pgft1797,120.506151815797,,,
pgft1882,107.85423768907,,,
pgft1886,92.2080061632523,,,
pgft1051,125.493829885085,,,
pgft654,89.7687048622353,,,
pgft1608,84.8035425200696,,,
pgft722,102.283277268317,,,
pgft513,97.4851107775103,,,
pgft2138,107.187850227346,,,
pgft456,72.9891588794723,,,
pgft2562,60.9456732947849,,,
pgft893,78.5759024190292,,,
pgft1045,74.7982851622244,,,
pgft1810,109.055234200521,,,
pgft988,73.9829076587808,,,
pgft2338,93.7184470632565,,,
pgft819,121.920882896329,,,
pgft1738,93.5543793512132,,,
pgft1983,98.7883264892169,,,
pgft1843,103.845843266795,,,
pgft735,92.1466175007982,,,
pgft1257,54.6214835803051,,,
pgft2185,104.022240024869,,,
pgft1908,75.8103218990695,,,
pgft1582,45.5596360307647,,,
pgft422,61.8456510088493,,,
pgft1472,73.4439930452472,,,
pgft454,122.087354526965,,,
pgft737,91.8510854795355,,,
pgft2234,49.4512708826221,,,
pgft2882,106.898766414486,,,
pgft305,135.327021574438,,,
pgft739,84.7356009894287,,,
pgft2685,93.5264877393241,,,
pgft689,100.34493415266,,,
pgft2336,40.7394294836767,,,
pgft2638,110.065283338343,,,
pgft1751,80.7029991419444,,,
pgft732,109.899532701011,,,
pgft1471,95.6711063854523,,,
pgft482,107.042934582565,,,
pgft2270,106.45270806476,,,
pgft2482,122.10208241541,,,
pgft1724,58.5148397749624,,,
pgft1669,138.125751737558,,,
pgft1455,50.7511044469417,,,
pgft2309,107.759474282995,,,
pgft803,80.9800575034798,,,
pgft1103,145.967030740269,,,
pgft914,74.0034874612302,,,
pgft2291,138.635246962342,,,
pgft2063,74.0002320503622,,,
pgft2100,118.22846755937,,,
pgft2091,104.766748687341,,,
pgft2257,92.8861401917647,,,
pgft2772,87.2483905385809,,,
pgft1434,111.943563737045,,,
pgft1323,115.917004300097,,,
pgft2792,93.3777524116199,,,
pgft2484,108.041771014502,,,
pgft229,96.2978885076803,,,
pgft1333,58.7792489824532,,,
pgft1428,75.3874021135565,,,
pgft2367,101.404489305666,,,
pgft189,126.208063130365,,,
pgft1105,78.8145904636348,,,
pgft1654,63.8452912696389,,,
pgft2056,67.0651584482884,,,
pgft891,85.7413509869867,,,
pgft2206,138.138320388722,,,
pgft1656,92.9130867527003,,,
pgft662,116.48155046414,,,
pgft744,111.440431635511,,,
pgft1771,78.1129739291861,,,
pgft704,138.689319415011,,,
pgft1827,110.379241314342,,,
pgft1544,104.604449170313,,,
pgft1334,82.0606046877783,,,
pgft208,131.269194219395,,,
pgft2722,122.168187854565,,,
pgft2862,93.0329511001661,,,
pgft842,86.8336727740898,,,
pgft1177,111.745943562043,,,
pgft1710,60.6079112078873,,,
pgft1032,88.1151752253668,,,
pgft2372,109.746222729127,,,
pgft1605,94.063180763279,,,
pgft2184,123.887414709749,,,
pgft2908,89.1916608341902,,,
pgft2353,60.9387837142931,,,
pgft193,116.44510397224,,,
pgft2136,103.67403361088,,,
pgft718,92.8572502210343,,,
pgft1639,109.761393015728,,,
pgft2095,93.803362867427,,,
pgft1833,100.489524298948,,,
pgft2440,99.0778106092194,,,
pgft534,54.1142455662103,,,
pgft249,120.166344589466,,,
pgft568,97.7065564160364,,,
pgft985,63.3630070282409,,,
pgft1287,90.8825873837334,,,
pgft676,109.703035072963,,,
pgft2767,61.8980077124241,,,
pgft1449,82.5882054294621,,,
pgft2828,129.374730641365,,,
pgft1209,143.2233835288,,,
pgft1081,104.684671883762,,,
pgft757,73.3193697680223,,,
pgft888,132.593058047382,,,
pgft385,99.1982822557711,,,
pgft624,123.631144744556,,,
pgft918,140.873346278888,,,
pgft2725,125.970005456609,,,
pgft697,70.2149587925555,,,
pgft2205,116.080196658178,,,
pgft2183,80.213495070974,,,
pgft38,165.428261096615,,,
pgft162,38.9794816592605,,,
pgft1487,87.868424647738,,,
pgft1146,96.4943687510373,,,
pgft2139,60.5999161049444,,,
pgft2699,93.6722108782185,,,
pgft2662,117.962839628728,,,
pgft1468,95.7517841922416,,,
pgft710,125.82437107631,,,
pgft783,133.307272382945,,,
pgft300,107.1905420271,,,
pgft1542,106.196495820996,,,
pgft1740,80.9754892414482,,,
pgft1292,115.534519605484,,,
pgft860,105.188137879539,,,
pgft2489,101.30189784382,,,
pgft1223,137.298406158283,,,
pgft2771,77.4787388446119,,,
pgft2827,78.8176676406336,,,
pgft2593,122.923276575861,,,
pgft78,83.0187182635049,,,
pgft61,140.735240481618,,,
pgft2707,65.7442162732127,,,
pgft2574,118.32435695707,,,
pgft2249,93.4804720463187,,,
pgft499,114.87039151198,,,
pgft1308,93.4493162861294,,,
pgft2871,72.5026641808552,,,
pgft1361,99.305646356576,,,
pgft2897,80.6796857208413,,,
pgft274,150.897528545022,,,
pgft2945,75.6872974823896,,,
pgft2268,52.2680611061001,,,
pgft2314,100.229092804308,,,
pgft1533,112.462124260603,,,
pgft1664,119.928255276529,,,
pgft2055,96.1253439978543,,,
pgft853,123.478729291116,,,
pgft1913,106.65720047425,,,
pgft2969,105.031151151668,,,
pgft2535,79.3590091815028,,,
pgft2823,101.133425675733,,,
pgft881,108.254527311006,,,
pgft674,50.3871359262532,,,
pgft2634,110.564024406823,,,
pgft1550,80.2552724516079,,,
pgft2251,102.034910627027,,,
pgft736,59.3182394106088,,,
pgft52,117.282732038485,,,
pgft1441,100.526395111698,,,
pgft2530,44.4583712539837,,,
pgft2907,113.21366098673,,,
pgft1470,111.507688022516,,,
pgft1657,114.873458196178,,,
pgft255,51.2956389575203,,,
pgft2441,96.0214423037791,,,
pgft1625,99.1985252992166,,,
pgft2614,103.567572329777,,,
pgft340,127.772153205606,,,
pgft738,109.934110661949,,,
pgft809,78.3335417608553,,,
pgft506,132.906618695878,,,
pgft1987,131.853800020238,,,
pgft2536,89.8948892727833,,,
pgft1364,92.8403490268957,,,
pgft816,64.5447682526693,,,
pgft1715,92.7861716496488,,,
pgft692,108.615491198279,,,
pgft2248,109.899117971784,,,
pgft126,81.1646124178379,,,
pgft1994,99.856947024283,,,
pgft2280,81.7021310937756,,,
pgft1360,95.278291318036,,,
pgft2918,141.601005089976,,,
pgft289,63.1945095480868,,,
pgft2295,122.44798265623,,,
pgft151,83.3561288499889,,,
pgft815,114.056435808166,,,
pgft45,85.2613409562086,,,
pgft1450,98.8194189065745,,,
pgft2974,38.9686144565955,,,
pgft2443,69.7602488877125,,,
pgft1841,102.823662156398,,,
pgft2370,123.075741037145,,,
pgft591,115.186573780609,,,
pgft1319,92.9699160178598,,,
pgft2717,95.0489150752732,,,
